{"cameraMode":{"drawMode":0,"name":"Shaded","section":"Shading Mode"},"sceneLighting":false,"audioPlay":false,"sceneViewState":{"showFog":true,"showMaterialUpdate":false,"showSkybox":true,"showFlares":true,"showImageEffects":true,"showParticleSystems":true},"in2DMode":false,"pivot":{"x":0.000001430511474609375,"y":0.7000000476837158,"z":-0.5604958534240723},"rotation":{"x":0.38791292905807497,"y":0.2649116516113281,"z":-0.11744809150695801,"w":0.8749579191207886},"size":24.888267517089845,"orthographic":false}